-- 사용자 테이블 INSERT
INSERT INTO user (user_id, login_id, password, user_name, phone_number, email, nickname, gender, profile_image_url)
VALUES
(1  ,'shinjjangu'  ,'pass1234'  ,'신짱구'  ,'010-1234-5678'  ,'shinjjangu@example.com'  ,'짱구'  ,'M'  ,NULL)
, (2  ,'bongmiseon'  ,'pass1234'  ,'봉미선'  ,'010-2234-5678'  ,'bongmiseon@example.com'  ,'미선'  ,'F'  ,NULL)
, (3  ,'shinhyeongman'  ,'pass1234'  ,'신형만'  ,'010-3234-5678'  ,'shinhyeongman@example.com'  ,'형만'  ,'M'  ,NULL)
, (4  ,'shinhaetsal'  ,'pass1234'  ,'신햇살'  ,'010-4234-5678'  ,'shinhaetsal@example.com'  ,'햇살'  ,'F'  ,NULL)
, (5  ,'kimcheolsu'  ,'pass1234'  ,'김철수'  ,'010-5234-5678'  ,'kimcheolsu@example.com'  ,'철수'  ,'M'  ,NULL)
, (6  ,'leehuni'  ,'pass1234'  ,'이훈이'  ,'010-6234-5678'  ,'leehuni@example.com'  ,'훈이'  ,'M'  ,NULL)
, (7  ,'hanhuni'  ,'pass1234'  ,'한훈이'  ,'010-7234-5678'  ,'hanhuni@example.com'  ,'훈2'  ,'M'  ,NULL)
, (8  ,'hanyuri'  ,'pass1234'  ,'한유리'  ,'010-8234-5678'  ,'hanyuri@example.com'  ,'유리'  ,'F'  ,NULL)
, (9  ,'chaeseonga'  ,'pass1234'  ,'채성아'  ,'010-9234-5678'  ,'chaeseonga@example.com'  ,'성아'  ,'F'  ,NULL)
, (10 ,'ohsujeong'  ,'pass1234'  ,'오수정'  ,'010-1111-5678'  ,'ohsujeong@example.com'  ,'수정'  ,'F'  ,NULL)
, (11 ,'leesulgi'  ,'pass1234'  ,'이슬기'  ,'010-2222-5678'  ,'leesulgi@example.com'  ,'슬기'  ,'F'  ,NULL)
, (12 ,'kimsangmin'  ,'pass1234'  ,'김상민'  ,'010-3333-5678'  ,'kimsangmin@example.com'  ,'상민'  ,'M'  ,NULL)
, (13 ,'choigyojang'  ,'pass1234'  ,'최교장'  ,'010-4444-5678'  ,'choigyojang@example.com'  ,'교장선생님'  ,'M'  ,NULL)
, (14 ,'namchunsik'  ,'pass1234'  ,'남춘식'  ,'010-5555-5678'  ,'namchunsik@example.com'  ,'남박사'  ,'M'  ,NULL)
, (15 ,'leemaenggu'  ,'pass1234'  ,'이맹구'  ,'010-6666-5678'  ,'leemaenggu@example.com'  ,'맹구'  ,'M'  ,NULL)
, (16 ,'parknarae'  ,'pass1234'  ,'박나래'  ,'010-7777-5678'  ,'parknarae@example.com'  ,'나래'  ,'F'  ,NULL)
, (17 ,'yunsureo'  ,'pass1234'  ,'윤설아'  ,'010-8888-5678'  ,'yunsureo@example.com'  ,'설아'  ,'F'  ,NULL)
, (18 ,'kangdonggu'  ,'pass1234'  ,'강동구'  ,'010-9999-5678'  ,'kangdonggu@example.com'  ,'동구'  ,'M'  ,NULL)
, (19 ,'baeknamhun'  ,'pass1234'  ,'백남훈'  ,'010-1212-5678'  ,'baeknamhun@example.com'  ,'남훈'  ,'M'  ,NULL)
, (20 ,'choihaksoo'  ,'pass1234'  ,'최학수'  ,'010-2323-5678'  ,'choihaksoo@example.com'  ,'학수'  ,'M'  ,NULL)
;

-- 관리자 테이블 INSERT
INSERT INTO admin (admin_name, admin_password) 
VALUES 
    ('김운경', 'admin'), 
    ('김진영', 'admin'), 
    ('박장우', 'admin'), 
    ('박준서', 'admin'), 
    ('이승재', 'admin'),  
    ('이주미', 'admin');


-- 카테고리 테이블 INSERT
INSERT INTO post_category (category_name)
VALUES 
	('자유')
	,('동행인 찾기')
	,('리뷰');

-- 분류 테이블 INSERT
INSERT INTO field (field_name) 
VALUES 
    ('콘서트'), 
    ('뮤지컬'), 
    ('연극'), 
    ('전시'), 
    ('클래식'), 
    ('토크쇼');


-- 예매처 테이블 INSERT
INSERT INTO reserve_service  (reserve_service_name) 
VALUES 
	('인터파크 티켓')
	,('예스24 티켓')
	,('멜론 티켓')
	,('티켓링크');





-- 아티스트 테이블 INSERT
-- 칼럼 명시

INSERT
  INTO artist (artist_id, artist_name, artist_job, artist_age, artist_gender, profile_image_url)
VALUES
(1,'조용필','가수',74,'M',NULL),
(2,'백건우','피아니스트',78,'M',NULL),
(3,'남진우','무용가',36,'M',NULL),
(4,'김준수','뮤지컬 배우',37,'M',NULL),
(5,'정성화','뮤지컬 배우',48,'F',NULL),
(6,'정동환','연극 배우',74,'M',NULL),
(7,'전미도','뮤지컬 배우',41,'F',NULL),
(8,'이순재','연극 배우',89,'M',NULL),
(9,'박정자','연극 배우',82,'F',NULL),
(10,'이윤택','감독',72,'M',NULL),
(11,'송영창','연극 배우',65,'M',NULL),
(12,'김윤아','뮤지션',50,'F',NULL),
(13,'유인촌','연극 배우',73,'M',NULL),
(14,'김범수','가수',45,'M',NULL),
(15,'하현우','뮤지션',42,'M',NULL),
(16,'조수미','성악가',61,'F',NULL),
(17,'박애리','국악인',45,'F',NULL),
(18,'김성녀','국악인',72,'F',NULL),
(19,'정승환','가수',29,'M',NULL),
(20,'정선아','뮤지컬 배우',40,'F',NULL),
(21,'박정현','가수',48,'F',NULL),
(22,'이병훈','감독',64,'M',NULL),
(23,'정재형','뮤지션',53,'M',NULL),
(24,'이루마','뮤지션',46,'M',NULL),
(25,'남상일','국악인',44,'M',NULL),
(26,'이창용','뮤지컬 배우',38,'M',NULL),
(27,'조광화','감독',60,'M',NULL),
(28,'백예린','뮤지션',27,'F',NULL),
(29,'이선희','가수',59,'F',NULL),
(30,'김소향','뮤지컬 배우',42,'F',NULL),
(31,'임선혜','성악가',48,'F',NULL),
(32,'임윤찬','피아니스트',21,'M',NULL),
(33,'이병우','기타리스트',63,'M',NULL),
(34,'김태형','감독',45,'M',NULL),
(35,'윤경선','무용가',47,'F',NULL),
(36,'김동원','성악가',52,'M',NULL),
(37,'이정윤','무용가',41,'F',NULL),
(38,'김광보','감독',53,'M',NULL),
(39,'김보경','뮤지컬 배우',39,'F',NULL),
(40,'려욱','뮤지컬 배우',44,'M',NULL),
(41,'강권순','국악인',60,'F',NULL),
(42,'정 휘','뮤지컬 배우',34,'M',NULL),
(43,'유리아','뮤지컬 배우',34,'F',NULL),
(44,'이용진','개그맨',32,'M',NULL),
(45,'남 진','가수',78,'M',NULL),
(46,'김설진','무용가',39,'M',NULL),
(47,'정은지','가수',31,'F',NULL),
(48,'김준수','성악가',42,'M',NULL),
(49,'조정은','뮤지컬 배우',44,'F',NULL),
(50,'정성하','기타리스트',34,'M',NULL),
(51,'김동규','성악가',63,'M',NULL),
(52,'안숙선','국악인',74,'F',NULL),
(53,'나현영','개그맨',28,'F',NULL),
(54,'이태욱','기타리스트',42,'M',NULL),
(55,'이병훈','개그맨',40,'M',NULL),
(56,'고선웅','감독',55,'M',NULL),
(57,'김우형','뮤지컬 배우',44,'M',NULL),
(58,'손숙','연극 배우',80,'F',NULL),
(59,'이무진','가수',25,'M',NULL),
(60,'정홍일','가수',47,'M',NULL),
(61,'조승우','뮤지컬 배우',44,'M',NULL),
(62,'김선욱','피아니스트',35,'M',NULL),
(63,'강부자','연극 배우',82,'F',NULL),
(64,'윤종신','뮤지션',55,'M',NULL),
(65,'송소희','국악인',27,'F',NULL),
(66,'이은미','무용가',18,'F',NULL),
(67,'안영미','개그맨',35,'F',NULL),
(68,'이승환','가수',59,'M',NULL),
(69,'김지우','뮤지컬 배우',40,'F',NULL),
(70,'김재환','가수',28,'M',NULL),
(71,'박효신','가수',43,'M',NULL),
(72,'카더가든','가수',32,'M',NULL),
(73,'임혜영','뮤지컬 배우',37,'F',NULL),
(74,'정용화','가수',34,'M',NULL),
(75,'양세찬','개그맨',34,'M',NULL),
(76,'태연','가수',36,'F',NULL),
(77,'강형철','감독',45,'M',NULL),
(78,'조성진','피아니스트',30,'M',NULL),
(79,'박칼린','음악감독',57,'F',NULL),
(80,'엄지윤','개그맨',29,'F',NULL),
(81,'이국주','개그맨',33,'F',NULL),
(82,'한선천','무용가',35,'M',NULL),
(83,'김현수','성악가',58,'M',NULL),
(84,'이상호','드러머',34,'M',NULL),
(85,'문지영','피아니스트',29,'F',NULL),
(86,'전동석','뮤지컬 배우',40,'M',NULL),
(87,'양세형','개그맨',35,'F',NULL),
(88,'선우정아','가수',39,'F',NULL),
(89,'한상원','기타리스트',56,'M',NULL),
(90,'김준현','개그맨',38,'M',NULL),
(91,'이수영','가수',44,'F',NULL),
(92,'윤도현','가수',52,'M',NULL),
(93,'유상무','개그맨',45,'M',NULL),
(94,'곽 범','개그맨',38,'M',NULL),
(95,'김소동','감독',40,'F',NULL),
(96,'최정원','뮤지컬 배우',54,'F',NULL),
(97,'김병만','개그맨',55,'M',NULL),
(98,'배찬호','감독',72,'M',NULL),
(99,'윤아','배우',35,'F',NULL),
(100,'김경욱','개그맨',38,'M',NULL);



-- 게시글 테이블 INSERT
INSERT INTO post
(category_id, user_id, post_title, post_content, is_post_deleted)
VALUES
(1, 1, '트와이스 콘서트 ㄱㄱ', '트와이스 콘서트 같이 가실 분 구해요',0),
(1, 19, '방탄소년단 콘서트 ㄱㄱ', '방탄소년단 콘서트 같이 가실 분 구해요',0),
(1, 18, '소녀시대 콘서트 ㄱㄱ', '소녀시대 콘서트 같이 가실 분 구해요',1),
(1, 15, 'NCT 콘서트 ㄱㄱ', 'NCT 콘서트 같이 가실 분 구해요',0),
(1, 14, '원더걸스 콘서트 ㄱㄱ', '원더걸스 콘서트 같이 가실 분 구해요',0),
(1, 3, 'ITZY 콘서트 ㄱㄱ', 'ITZY 콘서트 같이 가실 분 구해요',0),
(1, 7, '2NE1 콘서트 ㄱㄱ', '2NE1 콘서트 같이 가실 분 구해요',1),
(1, 8, '블랙핑크 콘서트 ㄱㄱ', '블랙핑크 콘서트 같이 가실 분 구해요',0),
(1, 13, '애프터스쿨 콘서트 ㄱㄱ', '애프터스쿨 콘서트 같이 가실 분 구해요',0),
(1, 10, '에이핑크 콘서트 ㄱㄱ', ' 에이핑크 콘서트 같이 가실 분 구해요',0),
(1, 9, 'FT아일랜드 콘서트 ㄱㄱ', 'FT아일랜드 콘서트 같이 가실 분 구해요',0),
(1, 2, '티아라 콘서트 ㄱㄱ', '티아라 콘서트 같이 가실 분 구해요',0),
(1, 9, '제국의아이들 콘서트 ㄱㄱ', '제국의아이들 콘서트 같이 가실 분 구해요',0),
(1, 12, '위키미키 콘서트 ㄱㄱ', '위키미키 콘서트 같이 가실 분 구해요',1),
(1, 17, '아이유 콘서트 ㄱㄱ', '아이유 콘서트 같이 가실 분 구해요',0),
(1, 4, '이승환 콘서트 ㄱㄱ', '이승환 콘서트 같이 가실 분 구해요',0),
(1, 7, '카라 콘서트 ㄱㄱ', '카라 콘서트 같이 가실 분 구해요',0),
(1, 2, '빅뱅 콘서트 ㄱㄱ', '빅뱅 콘서트 같이 가실 분 구해요',0),
(1, 8, '걸스데이 콘서트 ㄱㄱ', '걸스데이 콘서트 같이 가실 분 구해요',0),
(1, 9, '뉴진스 콘서트 ㄱㄱ', '뉴진스 콘서트 같이 가실 분 구해요',0),
(1, 19, '아이오아이 콘서트 ㄱㄱ', '아이오아이 콘서트 같이 가실 분 구해요',0),
(1, 11, 'QWER 콘서트 ㄱㄱ', 'QWER 콘서트 같이 가실 분 구해요',0),
(2, 5, '아 오늘 아침 뭐 먹지', '메뉴 추천좀',0),
(2, 12, '아 오늘 점심 뭐 먹지', '메뉴 추천좀',0),
(2, 3, '아 오늘 저녁 뭐 먹지', '메뉴 추천좀',0),
(2, 19, '아 내일 아침 뭐 먹지', '메뉴 추천좀',0),
(2, 6, '아 내일 점심 뭐 먹지', '메뉴 추천좀',0),
(2, 15, '아 내일 저녁 뭐 먹지', '메뉴 추천좀',0),
(2, 17, '다들 오늘 어떤 하루를 보내셨나요?', '전 오늘 출근해서 상사한테 깨짐 ㅠㅠ',0),
(2, 4, '아 출근하기 싫다', '연차 쓸까..',0),
(2, 7, '오늘만 버티면 내일 주말이다', '후.. 빨리 퇴근하고 싶다',0),
(2, 8, '님들 이거 앎?', '인간은 수분이 70퍼센트래요',0),
(2, 10, '오늘 날씨 어때요?', '오늘 비 온다던데...',0),
(2, 14, '오늘 뭐 해야 하지?', '일 끝나고 운동이나 갈까?',0),
(2, 2, '어디 맛있는 카페 추천해 주세요', '요즘 핫한 카페 어디 있어요?',0),
(2, 9, '점심 먹었나요?', '벌써 배고프다.. 뭐 먹지?',0),
(2, 13, '오늘 저녁에 뭐 먹을지 고민중', '간단하게 뭘 먹을까?',0),
(2, 1, '요즘 새로운 취미 시작해본 사람?', '새로운 취미 있으면 추천해 주세요',0),
(2, 16, '주말에 뭐 할까?', '집에서 쉬기만 하면 너무 아쉽다',0),
(2, 11, '퇴근하고 나서 뭐 할까', '오늘은 뭘 해야 할지 모르겠네',0),
(2, 18, '점심 메뉴 뭐가 좋을까?', '밥 먹으러 갈까, 아니면 간단하게 샐러드?',0),
(2, 20, '주말에 친구들 만날까?', '그동안 못 봤으니까 이번에 봐야지',0),
(2, 13, '퇴근하고 나서 술 한잔 할까?', '혼자서 술 마시기엔 좀 심심하다..',0),
(2, 14, '오늘 피곤하다', '아침부터 계속 일만 했더니 피곤해..',0);


-- 댓글 테이블 INSERT
INSERT INTO COMMENT
(comment_id, user_id, post_id, parent_id, content, created_at)
VALUES 
(1, 1, 1, NULL, '불태우고 왔다..',CURDATE()),
(2, 8, 1, 1, '목소리 안 나오면 개추 ㅋㅋ', CURDATE()),
(3, 1, 1, 1, '여운이 안 가시네요 ㅠㅠ', CURDATE()),
(4, 9, 1, 1, '그래서 다음 공연 언제라고 ?', CURDATE()),
(5, 1, 2, NULL, '모든 것이 완벽했다', CURDATE()),
(6, 1, 2, 5,'아 옆사람 때문에 다 망침', CURDATE()),
(7, 2, 2, 5, '사람들 엄청 많더라 숨막혔어', CURDATE()),
(8, 4, 3, NULL, '내가 공연 뛴거 같은 기분인데 ??', CURDATE()),
(9, 1, 3, 8, '찜질방 간것도 아닌데 땀쫙뺌 ㅋㅋㅋㅋ', CURDATE()),
(10, 1, 3, 8, '집가서 20시간 뻗을 예정', CURDATE()),
(11, 2, 4, NULL, '오늘 관중들 몇명이나 옴 ?', CURDATE()),
(12, 5, 4, 10, '지하철역 가는 길에 깔려 죽을뻔한 썰푼다', CURDATE()),
(13, 2, 4, 10, '눈앞에 오빠들 아른거린당', CURDATE()),
(14, 2, 5, NULL, '라이브 실력 저세상 클래스', CURDATE()),
(15, 2, 5, 14,'다음 공연도 티켓팅 개빡세겠지...`?', CURDATE()),
(16, 2, 5, 14,'진짜 오늘 역대급으로 집오기 싫었다', CURDATE()), 
(17, 2, 5, NULL, '맨앞자리 분위기 레전드였음 ㄷㄷㄷ', CURDATE()),
(18, 2, 5, 17, '민폐 관중들 진짜 반성해라 ㅡㅡ', CURDATE()),
(19, 2, 5, 17, '맨뒷자리는 개노잼', CURDATE()),
(20, 2, 5, 17,'역시 믿고 보는 공연', CURDATE());


-- 공연/전시 테이블 INSERT: 기존 더미 데이터에서 수정
INSERT INTO EVENT (event_id, type_id, title, location, event_start_date, event_finish_Date, running_time,
									age_limit, price, description, poster_image_url, event_status, sales_status, sales_start_date,
									sales_finish_date, review_count, review_rating_sum)
VALUES
(1,2,'지킬앤하이드','블루스퀘어','2024-11-29','2025-05-18','170분',14,80000,'대한민국 뮤지컬 역사를 이끌어온 독보적 월드클래스',NULL,'RUNNING',1,'2024-11-22 15:00:00','2025-09-11 16:00:00',0,0),
(2,2,'웃는 남자','예술의전당','2025-01-09','2025-03-09','180분',7,170000,'부자들의 낙원은 가난한 자들의 지옥으로 세워진 것이다.',NULL,'RUNNING',1,'2025-01-01 15:00:00','2025-09-11 16:00:00',0,0),
(3,2,'베르테르','디큐브 링크아트센터','2025-01-17','2025-03-16','165분',8,70000,'변하지 않는 아름다움,25년을 이어온 영원한 우아함 대한민국 대표 창작뮤지컬의 귀환',NULL,'RUNNING',1,'2025-01-01 15:00:00','2025-09-11 16:00:00',0,0),
(4,2,'시라노','예술의전당 CJ토월극장','2024-12-06','2025-02-23','160분',7,70000,'전세계 사랑 이야기에 거대한 유산을 남긴 콧대 높은 역사',NULL,'RUNNING',1,'2024-12-25 15:00:00','2025-09-11 16:00:00',0,0),
(5,2,'고스트 베이커리','두산아트센터 연강홀','2024-12-19','2025-02-23','180분',8,70000,'어서오세요, 잠시 달콤함 속에 빠져보세요!.',NULL,'RUNNING',1,'2024-12-15 12:00:00','2025-09-11 16:00:00',0,0),
(6,2,'시카고','계명아트센터','2025-02-07','2025-02-09','145분',14,60000,'브로드웨이 역사상 가장 롱런하고있는 미국 뮤지컬',NULL,'AFTER',1,'2025-02-03 14:00:00','2025-09-11 16:00:00',0,0),
(7,2,'도리안 그레이','홍익대 대학로 아트센터 대극장','2025-03-30','2025-06-08','160분',17,60000,'배질 홀워드는 내가 생각하는 나이고 핸리 워튼은 세상 사람들이 생각하는 나이고 도리안 그레이는 내가 다른 시대에서 되고픈 나이다.',NULL,'BEFORE',1,'2024-12-31 16:00:00','2025-09-11 16:00:00',0,0),
(8,2,'빨래','인터파크 유니플렉스 2관','2024-06-07','2025-03-02','145분',14,20000,'빨래는 오늘을 살아가는 우리들의 이야기다.',NULL,'RUNNING',1,'2024-06-01 15:00:00','2025-09-11 16:00:00',0,0),
(9,2,'하트셉수트','대학로 자유극장','2024-03-11','2025-01-09','90분',14,55000,'고대 이집트의 황금빛 이야기로 대학로를 거세게 뒤흔들 상반기 기대작',NULL,'AFTER',0,'2024-03-01 14:00:00','2025-01-09 11:00:00',0,0),
(10,2,'모리스','인터파크 서경스퀘어 스콘1관','2025-01-11','2025-02-01','100분',16,50000,'영국 대문화 E.M.포스터의 동명 소설 세계 최초 뮤지컬화!',NULL,'AFTER',0,'2025-01-10 14:00:00','2025-02-01 09:00:00',0,0),
(11,1,'콜드플레이 내한공연','고양종합운동장 주경기장','2025-04-16','2025-04-25','160분',7,66000,'본 공연에는 스페셜 게스트 트와이스가 함께합니다.',NULL,'BEFORE',0,'2025-04-16 17:00:00','2025-04-25 11:00:00',0,0),
(12,4,'인상파,모네에서 미국으로:','우스터미술관 컬렉션','2025-02-15','2025-05-26','100분',0,12000,'미술사의 가장 위대하고 찬란한 인상파의 대향연',NULL,'BEFORE',0,'2024-02-15 10:00:00','2025-09-11 16:00:00',0,0),
(13,4,'퓰리처상 사진전','예술의전당 한가람디자인미술관','2024-12-21','2025-03-30','60분',0,15000,'지구는 어쩌구..',NULL,'RUNNING',1,'2024-12-21 09:00:00','2025-03-30 16:00:00',0,0),
(14,4,'디즈니 100년 특별전','K현대미술관','2024-10-18','2025-06-01','60분',0,26000,'디즈니는 어쩌구..',NULL,'RUNNING',1,'2024-10-18 09:00:00','2025-06-01 13:00:00',0,0),
(15,2,'미아 파밀리아','링크아트센터 드림1관','2024-12-19','2025-03-23','110분',14,40000,'전설은 계속된다 !',NULL,'RUNNING',1,'2024-12-19 11:00:00','2025-03-20 11:00:00',0,0),
(16,4,'제주 하리보 해피월드','하리보 해피월드','2024-07-12','2025-06-15','60분',0,18000,'월켐 젤리섬',NULL,'RUNNING',1,'2024-07-12 10:00:00','2025-09-11 16:00:00',0,0),
(17,1,'2025 World DJ Festival','서울랜드','2025-06-14','2025-06-15','480분',19,143000,'전세계 DJ 출동',NULL,'BEFORE',1,'2024-07-15 00:00:00','2025-06-15 23:59:00',0,0),
(18,1,'조민규 단독 콘서트','블루스퀘어 마스터카드홀','2025-03-08','2025-03-09','120분',7,143000,'다시 시작되는 우리들의 이야기',NULL,'BEFORE',1,'2025-02-10 10:00:00','2025-02-13 23:00:00',0,0),
(19,6,'김동하의 스탠드업 코미디','한국소리문화의전당 연지홀','2025-03-29','2025-03-29','70분',20,30000,'스탠드업 코미디',NULL,'BEFORE',1,'2025-02-15 10:00:00','2025-09-11 16:00:00',0,0),
(20,1,'2025 윤하 앵콜 콘서트','KSOP DOME','2025-02-14','2025-02-16','120분',7,143000,'윤하의 콘서트',NULL,'RUNNING',1,'2025-01-10 10:00:00','2025-02-14 00;00;00',0,0),
(21,1,'Theatre 이문세','천안예술의전당 대극장','2025-03-21','2025-03-22','120분',7,90000,'씨어터 이문세',NULL,'BEFORE',0,'2025-03-01 10:00:00','2025-03-20 23:59:00',0,0),
(22,3,'세일즈맨의 죽음','세종문화회관 M씨어터','2025-03-29','2025-04-20','190분',14,44000,'현대희곡중 가장 위대한 작품',NULL,'BEFORE',0,'2025-02-21 10:00:00','2025-04-13 23:59:00',0,0),
(23,3,'애나엑스','LG아트센터 서울 U+ 스테이지','2025-01-28','2025-02-05','100분',14,40000,'매우 매력적이고 재능있는 새로운 연극',NULL,'AFTER',0,'2025-01-28 10:00:00','2025-02-04 23:59:00',0,0),
(24,4,'장줄리앙의 종이 세상','퍼블릭 가산 퍼블릭홀','2024-09-27','2025-03-30','120분',0,15000,'125만 팔로워를 보유한 인스타그램 슈퍼스타 장 줄리앙',NULL,'RUNNING',0,'2024-07-01 13:00:00','2025-03-20 20:00:00',0,0),
(25,5,'룰리','룰리','2025-02-11','2025-02-13','15분',0,40000,'가상전시회 1',NULL,'AFTER',1,'2025-02-10 10:00:00','2025-02-13 16:59:00',0,0),
(26,5,'아무거나','아무거나','2025-02-28','2025-03-04','130분',19,140000,'가상 콘서트1',NULL,'BEFORE',1,'2025-02-10 09:00:00','2025-03-01 16:59:00',0,0),
(27,4,'나루토','나루토','2025-01-28','2025-02-20','90분',7,100000,'가상 전시회 2',NULL,'RUNNING',1,'2025-01-20 10:00:00','2025-02-19 16:59:00',0,0),
(28,4,'블리치','블리치장소','2025-03-28','2025-04-05','50분',14,60000,'가상 전시회 3',NULL,'BEFORE',0,'2025-03-20 10:00:00','2025-03-25 16:59:00',0,0),
(29,3,'짱구연극','떡잎마일','2025-01-28','2025-04-05','80분',0,230000,'가상 뮤지컬2 3',NULL,'RUNNING',1,'2025-01-28 08:00:00','2025-04-05 04:59:00',0,0),
(30,6,'졸려요','너무 졸려요','2025-03-28','2025-05-15', '20분',14,60000,'가상 전시회 3',NULL,'BEFORE',0,'2025-03-20 10:00:00','2025-03-25 16:59:00',0,0),
(31, 2, '이름허수1', '장소허수1', '2025-02-01', '2025-02-10', '20분', 15, 50000, '가상의 뮤지컬입니다', NULL,'AFTER', 0, '2025-01-01', '2025-01-20', 9, 43),
(32, 2, '이름허수2', '장소허수2', '2025-02-10', '2025-05-10', '20분', 15, 50000, '가상의 뮤지컬입니다', NULL, 'RUNNING', 0, '2025-01-01', '2025-01-20', 13, 58),
(33, 1, '이름허수3', '장소허수3', '2025-02-01', '2025-02-20', '180분', 15, 90000, '가상의 콘서트입니다',NULL, 'RUNNING', 0, '2025-01-01', '2025-01-30', 7, 29);




-- 사용자 별 관심분야 테이블 추가
INSERT
  INTO user_interest (user_id, field_id)
VALUES
(4, 2), (5, 1), (8, 5), (9, 3), (1, 4)
, (2, 6), (3, 2), (6, 1), (7, 3), (10, 1);


-- 예매처 링크 테이블 추가
INSERT
  INTO reservation  (event_id, reserve_service_id, reserve_service_link)
VALUES
(1, 1, 'https://tickets.interpark.com/goods/24013928'),
(2, 2, 'http://ticket.yes24.com/Perf/51792'),
(2, 1, 'https://tickets.interpark.com/goods/24016737'),
(11, 1, 'https://tickets.interpark.com/goods/24013437'),
(24, 3, 'https://ticket.melon.com/performance/index.htm?prodId=210435'),
(24, 1, 'https://tickets.interpark.com/goods/24013997'),
(24, 4, 'https://www.ticketlink.co.kr/product/52315'),
(12, 1, 'https://tickets.interpark.com/goods/25001149'),
(5, 1, 'https://tickets.interpark.com/goods/24016412'),
(20, 1, 'https://tickets.interpark.com/goods/25000432'),
(3, 1, 'https://tickets.interpark.com/goods/24017198');


-- 공연 별 캐스트 정보 테이블 추가
INSERT
  INTO show_cast 
VALUES
(1, 86, '지킬'),
(1, 49, '엠마'),
(2, 30, '조시아나 여공작'),
(3, 7, '롯데'),
(4, 39, '록산'),
(6, 43, '록시'),
(5, 39, '순희'),
(5, 40, '유령'),
(7, 4, '도리안 그레이'),
(7, 26, '헨리 워튼'),
(8, 96, '주인할매'),
(8, 42, '솔롱고');

-- 정지 사용자 테이블
INSERT INTO banned_user (banned_user_id, ban_reason)
	VALUES (19, '신고 누적')
	,(20, '신고 누적');
	
-- 차단 관계 테이블
INSERT INTO block_user (blocker_id, blocked_user_id)
	VALUES (1, 5)
		,(1, 4)
		,(1, 8)
		,(4, 8)
		,(2, 4)
		,(2, 1);
	
-- 팔로우 관계 테이블
INSERT INTO follow_user (follower_id, followed_user_id)
	VALUES (1, 3)
		,(1, 6)
		,(1, 9)
		,(4, 2)
		,(2, 5)
		,(2, 6);
	
-- 북마크 테이블
INSERT INTO bookmark (post_id, user_id)
	VALUES (5, 1)
	,(6, 1)
	,(11, 1)
	,(15, 1)
	,(5, 2)
	,(6, 2)
	,(7, 2)
	,(9, 4)
	,(10, 2)
	,(14, 2)
	,(8, 4);
	
-- 공지사항 테이블
INSERT INTO noticeboard
	(admin_id, notice_title, notice_content)
VALUES
	(1, '첫번째 공지사항', '첫번째 공지사항 입니다.')
	,(1, '신고 유저 정지 안내', '아래는 정지된 사용자 목록입니다.')
	,(2, '테스트 공지사항', '테스트 공지사항 입니다.')
	,(2, '점검 안내', '내일 12시부터 한달간 점검합니다.');


-- 신고 사유 테이블
INSERT INTO report_reason
(report_reason_id, report_reason)
VALUES
(1, '욕설'),
(2, '불법광고'),
(3, '기타');

-- 관람내역 테이블
INSERT INTO event_record 
(event_record_id, event_id, user_id, admin_id, record_date, ticket_image_url,
ticket_num, is_ticket_verified, admin_check_status, authentication_date, is_hidden)
VALUES
(NULL, 1, 1, 1, '2025-01-01','urlurl', NULL, 1, 1, NULL, 0),
(NULL, 1, 2, 1, '2025-01-02','urlurl', NULL, 0, 1, NULL, 0),
(NULL, 1, 3, 2, '2025-01-03','urlurl', NULL, 1, 1, NULL, 1),
(NULL, 1, 4, 3, '2025-01-06','urlurl', NULL, 1, 1, NULL, 0),
(NULL, 2, 1, 4, '2025-01-07','urlurl', NULL, 0, 1, NULL, 0),
(NULL, 2, 2, 5, '2025-01-08','urlurl', NULL, 1, 1, NULL, 0),
(NULL, 2, 3, 6, '2025-01-09','urlurl', NULL, 0, 0, NULL, 0);

-- 신고 테이블
INSERT INTO report
(report_id, post_id, comment_id, report_reason_id, reporter_id, other_report_reason)
VALUES
(NULL, 1, 2, 1, 1, NULL),
(NULL, 2, 1, 2, 5, NULL),
(NULL, 1, 3, 3, 4, NULL),
(NULL, 3, 4, 1, 2, NULL),
(NULL, 2, 1, 2, 1, NULL);

-- 찜 목록 테이블
INSERT INTO favorite
(event_id, user_id)
VALUES
(1, 1),
(2, 1),
(3, 5),
(6, 2),
(5, 3);

-- 추천 테이블
INSERT INTO `like`
(like_id, user_id, post_id, comment_id, writing_type)
VALUES
(NULL, 1, 1, NULL, 'post'),
(NULL, 2, 2, NULL, 'post'),
(NULL, 1, NULL, 1, 'comment'),
(NULL, 3, NULL, 2, 'comment'),
(NULL, 1, 3, NULL, 'post');